{"grpc_get_empty_1": 0.003043558599893004, "grpc_get_content_1_1": 0.0006991415997617878, "grpc_get_content_10_1": 0.0008067499999015127, "grpc_get_content_50_1": 0.0016860750001796987, "grpc_get_content_100_1": 0.0026999585999874396, "grpc_post_text_1_1": 0.001969983199523995, "grpc_post_text_5_1": 0.004621066400432028, "grpc_post_text_30_1": 0.020178066799417138, "grpc_post_bin_1_1": 0.0016298917988024186, "grpc_post_bin_5_1": 0.003115216598234838, "grpc_post_bin_30_1": 0.013606458599679173, "rest_get_empty_1": 0.00315803359990241, "rest_get_content_1_1": 0.001511466599185951, "rest_get_content_10_1": 0.0018512001988710836, "rest_get_content_50_1": 0.0019210585996916052, "rest_get_content_100_1": 0.00255481679996592, "rest_post_text_1_1": 0.0034562749991891907, "rest_post_text_5_1": 0.016949149800348097, "rest_post_text_30_1": 0.08334426680012257, "rest_post_bin_1_1": 0.002112400200712727, "rest_post_bin_5_1": 0.007421116600016831, "rest_post_bin_30_1": 0.06440493359914398, "grpc_get_empty_10": 0.002812283398816362, "grpc_get_content_1_10": 0.003919774801033782, "grpc_get_content_10_10": 0.005000399801065214, "grpc_get_content_50_10": 0.012117866999324179, "grpc_get_content_100_10": 0.021515966600418324, "grpc_post_text_1_10": 0.0063077584003622175, "grpc_post_text_5_10": 0.01700241659927997, "grpc_post_text_30_10": 0.07248953339876607, "grpc_post_bin_1_10": 0.004856516399013344, "grpc_post_bin_5_10": 0.018102358400210506, "grpc_post_bin_30_10": 0.10957843319993117, "rest_get_empty_10": 0.013598116800130811, "rest_get_content_1_10": 0.013412708199757617, "rest_get_content_10_10": 0.01490575020070537, "rest_get_content_50_10": 0.018755958200927125, "rest_get_content_100_10": 0.023645782999665244, "rest_post_text_1_10": 0.019195591599418547, "rest_post_text_5_10": 0.07891031700055465, "rest_post_text_30_10": 0.7690089588009869, "rest_post_bin_1_10": 0.018322100398654582, "rest_post_bin_5_10": 0.07328898359919549, "rest_post_bin_30_10": 0.642435775201011, "grpc_get_empty_40": 0.011688616799801821, "grpc_get_content_1_40": 0.01374261699966155, "grpc_get_content_10_40": 0.020179724998888558, "grpc_get_content_50_40": 0.04858004140041885, "grpc_get_content_100_40": 0.08603849159917445, "grpc_post_text_1_40": 0.027317999799561222, "grpc_post_text_5_40": 0.06968557500076714, "grpc_post_text_30_40": 0.29994583320003587, "grpc_post_bin_1_40": 0.021458224799425808, "grpc_post_bin_5_40": 0.07317913359947852, "grpc_post_bin_30_40": 0.4387029249999614, "rest_get_empty_40": 0.05525856660169666, "rest_get_content_1_40": 0.05884289179884945, "rest_get_content_10_40": 0.0616300997993676, "rest_get_content_50_40": 0.07752794959960738, "rest_get_content_100_40": 0.09771473320070072, "rest_post_text_1_40": 0.08271036660080426, "rest_post_text_5_40": 0.3354748836012732, "rest_post_text_30_40": 3.2002981598008775, "rest_post_bin_1_40": 0.0751684250011749, "rest_post_bin_5_40": 0.29328170839944506, "rest_post_bin_30_40": 2.675381467799889, "grpc_get_empty_70": 0.020687366600031964, "grpc_get_content_1_70": 0.02400271680089645, "grpc_get_content_10_70": 0.03550306699980865, "grpc_get_content_50_70": 0.08556630839811988, "grpc_get_content_100_70": 0.15005760860149167, "grpc_post_text_1_70": 0.04653163359907921, "grpc_post_text_5_70": 0.11714759160022367, "grpc_post_text_30_70": 0.5250744504010072, "grpc_post_bin_1_70": 0.03791435859966441, "grpc_post_bin_5_70": 0.11374898319991189, "grpc_post_bin_30_70": 0.7631278840002779, "rest_get_empty_70": 0.09101668359944597, "rest_get_content_1_70": 0.09633671680203407, "rest_get_content_10_70": 0.10505841640260768, "rest_get_content_50_70": 0.13041713340062416, "rest_get_content_100_70": 0.16443407519982428, "rest_post_text_1_70": 0.12783692500088364, "rest_post_text_5_70": 0.48301501699897925, "rest_post_text_30_70": 4.628629718597222, "rest_post_bin_1_70": 0.11730439179955283, "rest_post_bin_5_70": 0.43484048359969163, "rest_post_bin_30_70": 3.9020512268005403}
